{
  "vbs.command.vbs.runScript": "VBS: Run Script (obsolete, see issue #48)",
  "vbs.command.vbs.killScript": "VBS: Kill Running Script",
  "vbs.config.interpreter.description": "Path to Script Interpreter",
  "vbs.config.includes.description": "Additional include sourcefiles for completion",
  "vbs.config.showVariableSymbols.description": "Show variables in outline",
  "vbs.config.showParamSymbols.description": "Show parameters in outline",
  "vbs.config.custumIncludePattern.description": "Custom RegExp-Pattern for userdefined include statement",
  "vbs.config.customIncludeDirs.description": "Custom directories with files for custom include statement",
  "vbs.msg.runningscript": "Running the script...'",
  "vbs.msg.interpreterRunError": "Script Interpreter can't be executed"
}