{
  "vbs.command.vbs.runScript": "VBS: Skript ausführen (veraltet, siehe issue #48)",
  "vbs.command.vbs.killScript": "VBS: Laufendes Skript abbrechen",
  "vbs.config.interpreter.description": "Pfad zum Skriptinterpreter",
  "vbs.config.includes.description": "zusätzliche Quelldateien zum Includen für Vervollständigung",
  "vbs.config.showVariableSymbols.description": "Variablen in Gliederung anzeigen",
  "vbs.config.showParamSymbols.description": "Parameter in Gleiderung anzeigen",
  "vbs.config.custumIncludePattern.description": "Benutzerdefinierter Regulärer Ausdruck für eigene Include Funktion",
  "vbs.config.customIncludeDirs.description": "Suchpfade für die benutzerdefinierte Include Function",
  "vbs.msg.runningscript": "Führe Skript aus...'",
  "vbs.msg.interpreterRunError": "Skriptinterpreter kann nicht ausgeführt werden"
}