{
	"new class": {
		"prefix": "Class",
		"body": [
			"Class ${1:$TM_FILENAME_BASE}",
				"",
				"\tPrivate Sub Initialize()",
					"\t\t",
				"\tEnd Sub",
				"",
				"\tPrivate Sub Terminate()",
					"\t\t",
				"\tEnd Sub",
				"",
				"$0",
			"End Class"
		],
		"description": "New Class..."
	},

	"new dictionary": {
		"prefix": "Dictionary",
		"body": [
			"Dim ${1:Name} As ${2:DataType} Dictionary"
		],
		"description": "New Dictionary..."
	},

	"new collect": {
		"prefix": "Collect",
		"body": [
			"Dim ${1:Name} As ${2:DataType} Collect"
		],
		"description": "New Collect..."
	},
	
	"new function": {
		"prefix": "Function",
		"body": [
			"Function ${1:Name}(${2:Parameter})",
				"\t$0",
			"End Function"
		],
		"description": "New Function..."
	},
	"new private function": {
		"prefix": "FunctionPrivate",
		"body": [
			"Private Function ${1:Name}(${2:Parameter})"
		],
		"description": "New Private Function..."
	},
	"new public function": {
		"prefix": "FunctionPublic",
		"body": [
			"Public Function ${1:Name}(${2:Parameter})"
		],
		"description": "New Public Function..."
	},
		
	"new sub": {
		"prefix": "Sub",
		"body": [
			"Sub ${1:Name}(${2:Parameter})",
				"\t$0",
			"End Sub"
		],
		"description": "New Sub..."
	},
	"new private sub": {
		"prefix": "SubPrivate",
		"body": [
			"Private Sub ${1:Name}(${2:Parameter})"
		],
		"description": "New Private Sub..."
	},	
	"new public sub": {
		"prefix": "SubPublic",
		"body": [
			"Public Sub ${1:Name}(${2:Parameter})"
		],
		"description": "New Public Sub..."
	},	
	
	"public property": {
		"prefix": "PropertyPublic",
		"body": [
			"Public Property ${1:PropertyName} As ${2:DataType}"
		],
		"description": "Public Property..."
	},
	"private property": {
		"prefix": "PropertyPrivate",
		"body": [
			"Private Property ${1:PropertyName} As ${2:DataType}"
		],
		"description": "Private Property..."
	},
	"property": {
		"prefix": "Property",
		"body": [
			"Property Get ${1:PropertyName}",
				"\Value = m_${1:PropertyName}",
			"End Property",
			"Property Set ${1:PropertyName}",
				"\tm_${1:PropertyName} = Value",
			"End Property"
		],
		"description": "Property..."
	},	

	"if statement": {
		"prefix": "If",
		"body": [
			"If ${1:True} Then",
				"\t$0",
			"End If"
		],
		"description": "If Then..."
	},

	"if Else statement": {
		"prefix": "IfElse",
		"body": [
			"If ${1:True} Then",
				"\t$0",
			"Else",
				"\t",
			"End If"
		],
		"description": "If Else Then..."
	},

	"elseif statement": {
		"prefix": "ElseIf",
		"body": [
			"ElseIf ${1:True} Then",
				"\t$0"
		],
		"description": "ElseIf..."
	},

	"select case": {
		"prefix": "SelectCase",
		"body": [
			"Select Case ${1:Statement}",
				"\tCase ${0}",
					"\t\t",
				"\tCase Else",
					"\t\t",
			"End Select"
		],
		"description": "Select Case..."
	},

	"for... next": {
		"prefix": "For",
		"body": [
			"For ${1:i}=0 To ${2:Value}",
				"\t$0",
			"Next '${1:i}"
		],
		"description": "For... Next"
	},
	"for each": {
		"prefix": "ForEach",
		"body": [
			"For Each ${1:Element} In ${2:ElementList}",
				"\t$0",
			"Next ' ${1:Element}"
		],
		"description": "For Each..."
	},

	"do loop until": {
		"prefix": "DoLoopUntil",
		"body": [
			"Do",
				"\t$0",
			"Loop Until ${1:Statement}"
		],
		"description": "Do Loop Until"
	},
	"do loop while": {
		"prefix": "DoLoopWhile",
		"body": [
			"Do",
				"\t$0",
			"Loop While ${1:Statement}"
		],
		"description": "Do Loop While"
	},
	"do until loop": {
		"prefix": "DoUntil",
		"body": [
			"Do Until ${1:Statement}",
				"\t$0",
			"Loop"
		],
		"description": "Do Until Loop"
	},
	"do while loop": {
		"prefix": "DoWhile",
		"body": [
			"Do While ${1:Statement}",
				"\t$0",
			"Loop"
		],
		"description": "Do While Loop"
	},
	"while": {
		"prefix": "While",
		"body": [
			"While ${1:Statement}",
				"\t$0",
			"Wend"
		],
		"description": "Do While Loop"
	},
	"with": {
		"prefix": "With",
		"body": [
			"With ${1:Object}",
				"\t$0",
			"End With ' ${1:Object}"
		],
		"description": "With Block"
	},
	
	"cpp": {
		"prefix": "CPP",
		"body": [
			"CPP",
				"\t$0",
			"End CPP"
		],
		"description": "CPP Block"
	},
	
	"version": {
		"prefix": "Version",
		"body": [
			"Version",
				"\t$0",
			"End Version"
		],
		"description": "Version Block"
	},	

	"Comment-Based-Help": {
		"prefix": "'''",
		"body": [
			"''' <summary>$1</summary>",
			"''' <param name=\"$2\">$3</param>"
		],
		"description": "Comment-Based-Help"
	}
}
